name,status,date,assists_game,assists_avg,att_field_goals_avg,att_free_throws_avg,att_three_points_avg,blocks_game,blocks_avg,defensive_rebounds_avg,made_field_goals_avg,made_free_throws_avg,made_three_point_avg,offensive_rebounds_avg,personal_fouls_avg,points_game,points_avg,steals_avg,turnovers_avg,outcomes_game,outcomes_avg,opp_name,opp_assists_game,opp_assists_avg,opp_att_field_goals_avg,opp_att_free_throws_avg,opp_att_three_points_avg,opp_blocks_game,opp_blocks_avg,opp_defensive_rebounds_avg,opp_made_field_goals_avg,opp_made_free_throws_avg,opp_made_three_point_avg,opp_offensive_rebounds_avg,opp_personal_fouls_avg,opp_points_game,opp_points_avg,opp_steals_avg,opp_turnovers_avg,total_rebounds_game,total_rebounds_avg,opp_total_rebounds_game,opp_total_rebounds_avg,assists_10MA,att_field_goals_10MA,att_free_throws_10MA,att_three_points_10MA,blocks_10MA,defensive_rebounds_10MA,made_field_goals_10MA,made_free_throws_10MA,made_three_point_10MA,offensive_rebounds_10MA,personal_fouls_10MA,points_10MA,steals_10MA,turnovers_10MA,outcomes_10MA,opp_assists_10MA,opp_att_field_goals_10MA,opp_att_free_throws_10MA,opp_att_three_points_10MA,opp_blocks_10MA,opp_defensive_rebounds_10MA,opp_made_field_goals_10MA,opp_made_free_throws_10MA,opp_made_three_point_10MA,opp_offensive_rebounds_10MA,opp_personal_fouls_10MA,opp_points_10MA,opp_steals_10MA,opp_turnovers_10MA,total_rebounds_10MA,opp_total_rebounds_10MA
UTAH_JAZZ,home,10_18,28,,,,,5,,,,,,,,106,,,,1,,DENVER_NUGGETS,21,,,,,3,,,,,,,,96,,,,36,,38,,,,,,,,,,,,,,,,,,,,,,,,,,,,,,,,
UTAH_JAZZ,away,10_20,23,28.0,81.0,16.0,24.0,8,5.0,30.0,41.0,15.0,9.0,6.0,18.0,97,106.0,9.0,15.0,0,1.0,MINNESOTA_TIMBERWOLVES,17,21.0,77.0,12.0,27.0,2,3.0,31.0,36.0,11.0,13.0,7.0,18.0,100,96.0,4.0,20.0,38,36.0,44,38.0,,,,,,,,,,,,,,,,,,,,,,,,,,,,,,,
UTAH_JAZZ,home,10_21,22,25.5,79.0,16.5,23.0,4,6.5,30.5,39.0,14.5,9.0,6.5,19.5,96,101.5,9.5,17.0,1,0.5,OKLAHOMA_CITY_THUNDER,15,19.0,79.0,19.0,24.5,4,2.5,32.5,36.0,16.0,10.0,8.5,17.5,87,98.0,7.5,17.5,41,37.0,38,41.0,,,,,,,,,,,,,,,,,,,,,,,,,,,,,,,
UTAH_JAZZ,away,10_24,20,24.333333333333332,78.33333333333333,15.666666666666666,25.0,7,5.666666666666667,31.666666666666668,38.666666666666664,13.333333333333334,9.0,6.666666666666667,20.0,84,99.66666666666667,10.0,17.333333333333332,0,0.6666666666666666,LOS_ANGELES_CLIPPERS,21,17.666666666666668,78.66666666666667,19.0,27.333333333333332,4,3.0,31.666666666666668,34.666666666666664,14.666666666666666,10.333333333333334,8.333333333333334,17.0,102,94.33333333333333,9.666666666666666,17.333333333333332,41,38.333333333333336,44,40.0,,,,,,,,,,,,,,,,,,,,,,,,,,,,,,,
UTAH_JAZZ,away,10_25,20,23.25,78.5,14.5,25.75,10,6.0,32.0,37.5,12.25,8.5,7.0,20.75,88,95.75,9.25,17.5,0,0.5,PHOENIX_SUNS,18,18.5,79.75,19.5,27.75,5,3.25,32.0,35.75,14.5,10.25,9.0,16.75,97,96.25,10.25,16.25,44,39.0,55,41.0,,,,,,,,,,,,,,,,,,,,,,,,,,,,,,,
UTAH_JAZZ,home,10_28,18,22.6,78.2,16.6,25.6,5,6.8,33.0,36.4,13.4,8.0,7.0,20.4,96,94.2,9.0,18.6,1,0.4,LOS_ANGELES_LAKERS,17,18.4,83.0,17.4,26.0,4,3.6,33.4,37.0,13.0,9.4,10.4,18.4,81,96.4,9.8,16.2,49,40.0,39,43.8,,,,,,,,,,,,,,,,,,,,,,,,,,,,,,,
UTAH_JAZZ,home,10_30,25,21.833333333333332,78.33333333333333,16.0,26.5,8,6.5,33.333333333333336,36.5,12.666666666666666,8.833333333333334,8.166666666666666,20.333333333333332,104,94.5,9.0,19.0,1,0.5,DALLAS_MAVERICKS,17,18.166666666666668,82.66666666666667,17.833333333333332,25.333333333333332,3,3.6666666666666665,32.0,36.0,13.166666666666666,8.666666666666666,11.0,18.666666666666668,89,93.83333333333333,10.166666666666666,16.166666666666668,35,41.5,42,43.0,,,,,,,,,,,,,,,,,,,,,,,,,,,,,,,
UTAH_JAZZ,home,11_1,16,22.285714285714285,78.71428571428571,15.857142857142858,27.714285714285715,8,6.714285714285714,32.714285714285715,36.714285714285715,12.571428571428571,9.857142857142858,7.857142857142857,19.857142857142858,112,95.85714285714286,10.0,18.285714285714285,1,0.5714285714285714,PORTLAND_TRAIL_BLAZERS,17,18.0,81.71428571428571,16.857142857142858,25.142857142857142,8,3.5714285714285716,32.142857142857146,35.714285714285715,12.571428571428571,9.142857142857142,10.714285714285714,18.285714285714285,103,93.14285714285714,9.285714285714286,17.285714285714285,55,40.57142857142857,53,42.857142857142854,,,,,,,,,,,,,,,,,,,,,,,,,,,,,,,
UTAH_JAZZ,home,11_3,11,21.5,80.125,18.375,27.875,5,6.875,34.25,36.375,14.875,10.25,8.125,20.0,100,97.875,9.875,17.75,0,0.625,TORONTO_RAPTORS,20,17.875,83.125,18.125,26.25,4,4.125,33.375,35.875,13.5,9.125,10.75,19.125,109,94.375,9.125,17.25,33,42.375,39,44.125,,,,,,,,,,,,,,,,,,,,,,,,,,,,,,,
UTAH_JAZZ,away,11_5,22,20.333333333333332,80.11111111111111,19.0,27.333333333333332,3,6.666666666666667,33.0,36.22222222222222,15.666666666666666,10.0,8.333333333333334,20.555555555555557,110,98.11111111111111,9.777777777777779,17.22222222222222,0,0.5555555555555556,HOUSTON_ROCKETS,26,18.11111111111111,81.77777777777777,19.22222222222222,26.666666666666668,7,4.111111111111111,33.44444444444444,36.111111111111114,14.444444444444445,9.333333333333334,10.11111111111111,20.0,137,96.0,9.11111111111111,17.11111111111111,33,41.333333333333336,42,43.55555555555556,,,,,,,,,,,,,,,,,,,,,,,,,,,,,,,
UTAH_JAZZ,home,11_7,15,20.5,80.9,19.5,28.0,6,6.3,32.2,36.4,16.2,10.3,8.3,20.3,97,99.3,9.5,16.8,0,0.5,PHILADELPHIA_76ERS,23,18.9,81.7,19.4,27.9,6,4.4,33.8,37.3,14.8,10.7,9.6,20.4,104,100.1,9.1,17.4,45,40.5,56,43.4,20.5,80.9,19.5,28.0,6.3,32.2,36.4,16.2,10.3,8.3,20.3,99.3,9.5,16.8,0.5,18.9,81.7,19.4,27.9,4.4,33.8,37.3,14.8,10.7,9.6,20.4,100.1,9.1,17.4,40.5,43.4
UTAH_JAZZ,home,11_10,12,20.0,82.54545454545455,20.90909090909091,29.0,7,6.2727272727272725,32.09090909090909,35.81818181818182,17.272727272727273,10.181818181818182,8.818181818181818,20.545454545454547,74,99.0909090909091,9.909090909090908,16.363636363636363,0,0.45454545454545453,MIAMI_HEAT,10,19.272727272727273,81.63636363636364,20.363636363636363,27.818181818181817,6,4.545454545454546,35.09090909090909,37.0,15.636363636363637,10.818181818181818,9.454545454545455,21.636363636363637,84,100.45454545454545,8.727272727272727,17.818181818181817,40,40.90909090909091,48,44.54545454545455,19.2,82.7,21.4,29.5,6.4,32.3,35.3,17.5,10.3,9.1,20.8,98.4,10.0,16.5,0.4,19.1,82.1,21.2,27.9,4.7,35.5,37.1,16.1,10.6,9.7,22.0,100.9,9.2,17.6,41.4,45.2
UTAH_JAZZ,home,11_11,19,19.333333333333332,81.83333333333333,21.0,28.333333333333332,3,6.333333333333333,32.416666666666664,34.916666666666664,17.416666666666668,9.75,8.416666666666666,20.5,114,97.0,9.916666666666666,16.416666666666668,1,0.4166666666666667,BROOKLYN_NETS,13,18.5,81.25,20.166666666666668,27.583333333333332,4,4.666666666666667,35.583333333333336,36.416666666666664,15.5,10.75,9.25,21.5,106,99.08333333333333,8.75,17.916666666666668,44,40.833333333333336,41,44.833333333333336,18.1,82.4,21.9,29.4,6.3,32.8,34.1,18.0,9.9,8.8,20.7,96.1,10.0,16.3,0.4,18.4,81.7,20.4,28.2,5.1,36.2,36.5,15.4,10.9,9.4,22.3,99.3,9.0,18.0,41.6,45.6
UTAH_JAZZ,home,11_13,23,19.307692307692307,82.07692307692308,21.307692307692307,28.384615384615383,4,6.076923076923077,32.38461538461539,35.38461538461539,17.692307692307693,9.846153846153847,8.692307692307692,21.153846153846153,98,98.3076923076923,10.076923076923077,16.384615384615383,0,0.46153846153846156,MINNESOTA_TIMBERWOLVES,22,18.076923076923077,80.84615384615384,21.615384615384617,27.23076923076923,5,4.615384615384615,35.23076923076923,36.30769230769231,16.53846153846154,10.461538461538462,9.307692307692308,21.53846153846154,109,99.61538461538461,8.615384615384615,17.846153846153847,31,41.07692307692308,40,44.53846153846154,17.8,83.2,23.0,29.4,6.2,32.6,34.4,19.0,10.1,9.3,21.5,97.9,10.1,16.1,0.4,18.2,81.5,22.4,27.2,5.1,36.3,36.8,17.1,10.5,9.6,22.9,101.2,8.3,18.0,41.9,45.9
UTAH_JAZZ,away,11_15,19,19.571428571428573,82.21428571428571,20.571428571428573,29.214285714285715,10,5.928571428571429,31.714285714285715,35.5,17.142857142857142,10.142857142857142,8.642857142857142,21.285714285714285,101,98.28571428571429,9.928571428571429,16.285714285714285,0,0.42857142857142855,NEW_YORK_KNICKS,18,18.357142857142858,80.14285714285714,22.142857142857142,26.714285714285715,5,4.642857142857143,35.214285714285715,36.357142857142854,17.142857142857142,10.428571428571429,9.0,20.928571428571427,106,100.28571428571429,8.642857142857142,17.642857142857142,37,40.357142857142854,45,44.214285714285715,18.1,83.7,23.0,30.6,5.9,31.6,34.7,19.1,10.8,9.3,21.5,99.3,10.2,15.8,0.4,18.3,80.3,23.2,26.3,5.2,36.5,36.6,18.2,10.5,9.0,22.6,101.9,8.0,18.2,40.9,45.5
UTAH_JAZZ,away,11_17,21,19.533333333333335,82.0,20.333333333333332,29.6,6,6.2,31.466666666666665,35.4,17.066666666666666,10.6,8.666666666666666,21.4,107,98.46666666666667,9.6,16.066666666666666,0,0.4,BROOKLYN_NETS,27,18.333333333333332,80.2,22.333333333333332,26.333333333333332,2,4.666666666666667,35.06666666666667,36.46666666666667,17.4,10.333333333333334,9.2,20.8,118,100.66666666666667,8.333333333333334,17.2,39,40.13333333333333,36,44.266666666666666,18.0,83.9,22.2,31.6,5.9,30.7,34.9,18.9,11.9,9.5,21.9,100.6,9.9,14.8,0.4,18.3,78.8,24.8,26.5,5.2,35.9,36.2,19.6,10.8,8.6,22.0,102.8,7.6,17.7,40.2,44.5
UTAH_JAZZ,away,11_18,31,19.625,81.8125,20.5625,29.375,4,6.1875,31.3125,35.625,17.0625,10.6875,8.75,21.25,125,99.0,9.375,16.0625,1,0.375,ORLANDO_MAGIC,13,18.875,80.4375,22.1875,27.0,5,4.5,34.875,36.875,17.25,10.75,8.875,20.8125,85,101.75,8.3125,16.875,54,40.0625,46,43.75,18.3,83.9,23.3,31.1,6.0,30.1,35.1,19.7,11.8,9.1,21.8,101.7,9.6,14.3,0.3,19.3,79.1,24.8,28.0,5.0,36.6,37.4,19.7,12.0,7.6,22.1,106.5,7.2,17.3,39.2,44.2
UTAH_JAZZ,away,11_20,18,20.294117647058822,82.76470588235294,20.41176470588235,29.647058823529413,4,6.0588235294117645,31.823529411764707,36.294117647058826,17.058823529411764,10.882352941176471,9.058823529411764,21.11764705882353,86,100.52941176470588,9.411764705882353,15.705882352941176,0,0.4117647058823529,PHILADELPHIA_76ERS,20,18.529411764705884,80.47058823529412,22.235294117647058,27.11764705882353,7,4.529411764705882,34.88235294117647,36.529411764705884,17.11764705882353,10.588235294117647,9.0,20.764705882352942,107,100.76470588235294,8.411764705882353,16.823529411764707,34,40.88235294117647,55,43.88235294117647,18.9,85.6,23.6,31.0,5.6,31.2,36.0,20.2,11.6,9.9,22.0,103.8,9.0,13.9,0.3,18.9,79.6,26.0,28.5,5.2,36.8,37.1,20.3,11.6,7.8,22.5,106.1,7.8,16.5,41.1,44.6
UTAH_JAZZ,home,11_22,23,20.166666666666668,82.88888888888889,20.333333333333332,29.555555555555557,5,5.944444444444445,31.555555555555557,35.94444444444444,17.055555555555557,10.777777777777779,8.944444444444445,21.0,110,99.72222222222223,9.777777777777779,15.61111111111111,1,0.3888888888888889,CHICAGO_BULLS,15,18.61111111111111,80.72222222222223,22.22222222222222,26.444444444444443,1,4.666666666666667,35.5,36.94444444444444,17.0,10.222222222222221,9.0,20.61111111111111,80,101.11111111111111,8.555555555555555,16.944444444444443,45,40.5,43,44.5,19.1,85.1,21.9,30.9,5.2,29.4,35.6,18.8,11.2,9.6,21.8,101.2,9.7,13.9,0.2,19.2,78.8,25.5,26.6,5.1,37.2,37.8,19.8,11.1,7.6,21.8,106.5,8.1,16.7,39.0,44.8
UTAH_JAZZ,home,11_25,31,20.31578947368421,83.05263157894737,20.263157894736842,29.842105263157894,2,5.894736842105263,31.842105263157894,36.1578947368421,17.0,10.947368421052632,8.894736842105264,20.68421052631579,121,100.26315789473684,9.789473684210526,15.157894736842104,1,0.42105263157894735,MILWAUKEE_BUCKS,19,18.42105263157895,80.57894736842105,22.105263157894736,26.157894736842106,6,4.473684210526316,35.473684210526315,36.526315789473685,17.0,9.947368421052632,8.947368421052632,20.63157894736842,108,100.0,8.263157894736842,16.894736842105264,30,40.73684210526316,40,44.421052631578945,20.3,85.7,21.4,32.1,5.2,30.8,36.1,18.2,11.8,9.4,20.8,102.2,9.8,13.3,0.3,18.7,79.5,24.7,25.7,4.8,37.3,36.9,19.3,10.5,7.9,21.2,103.6,7.5,16.7,40.2,45.2
UTAH_JAZZ,home,11_28,24,20.85,82.95,20.2,29.95,6,5.7,31.5,36.65,16.7,11.3,8.7,20.6,106,101.3,9.7,14.9,1,0.45,DENVER_NUGGETS,13,18.45,80.4,22.15,25.9,4,4.55,35.3,36.75,17.05,9.85,8.9,20.65,77,100.4,8.1,16.85,43,40.2,42,44.2,21.2,85.0,20.9,31.9,5.1,30.8,36.9,17.2,12.3,9.1,20.9,103.3,9.9,13.0,0.4,18.0,79.1,24.9,23.9,4.7,36.8,36.2,19.3,9.0,8.2,20.9,100.7,7.1,16.3,39.9,45.0
UTAH_JAZZ,away,11_30,38,21.0,83.14285714285714,19.666666666666668,30.047619047619047,2,5.714285714285714,31.61904761904762,36.904761904761905,16.285714285714285,11.428571428571429,8.714285714285714,20.571428571428573,126,101.52380952380952,9.571428571428571,14.714285714285714,1,0.47619047619047616,LOS_ANGELES_CLIPPERS,23,18.19047619047619,80.28571428571429,21.857142857142858,26.285714285714285,6,4.523809523809524,35.04761904761905,36.333333333333336,16.904761904761905,9.714285714285714,9.047619047619047,20.285714285714285,107,99.28571428571429,8.0,16.857142857142858,33,40.333333333333336,36,44.095238095238095,22.1,83.8,18.3,31.2,5.1,31.1,38.1,15.2,12.8,8.6,20.6,104.2,9.2,12.9,0.5,17.0,78.8,23.5,24.6,4.5,35.0,35.6,18.3,8.5,8.6,18.8,98.0,7.2,15.8,39.7,43.6
UTAH_JAZZ,home,12_1,25,21.772727272727273,83.22727272727273,19.40909090909091,30.272727272727273,3,5.545454545454546,31.227272727272727,37.45454545454545,16.045454545454547,11.681818181818182,8.772727272727273,20.545454545454547,114,102.63636363636364,9.727272727272727,14.636363636363637,1,0.5,NEW_ORLEANS_PELICANS,28,18.40909090909091,79.81818181818181,22.227272727272727,26.40909090909091,7,4.590909090909091,34.63636363636363,36.40909090909091,17.09090909090909,9.727272727272727,9.090909090909092,20.09090909090909,108,99.63636363636364,8.0,16.954545454545453,46,40.0,42,43.72727272727273,24.7,84.9,17.5,32.6,4.6,29.8,40.5,14.4,14.0,9.2,20.6,109.4,9.5,12.5,0.6,18.3,78.1,24.7,25.0,4.5,33.5,36.4,19.0,8.5,8.9,18.4,100.3,7.1,15.8,39.0,42.4
UTAH_JAZZ,home,12_4,29,21.91304347826087,83.30434782608695,19.652173913043477,30.26086956521739,3,5.434782608695652,31.52173913043478,37.65217391304348,16.130434782608695,11.695652173913043,8.73913043478261,20.304347826086957,116,103.1304347826087,9.608695652173912,14.304347826086957,1,0.5217391304347826,WASHINGTON_WIZARDS,9,18.82608695652174,80.1304347826087,21.91304347826087,26.565217391304348,2,4.695652173913044,34.69565217391305,36.65217391304348,16.73913043478261,9.956521739130435,8.956521739130435,20.08695652173913,69,100.0,7.826086956521739,16.652173913043477,52,40.26086956521739,31,43.65217391304348,25.3,84.9,17.5,32.7,4.6,30.4,40.6,14.1,14.1,8.8,19.2,109.4,9.0,11.6,0.6,19.8,79.2,22.3,25.7,4.8,34.0,37.1,17.0,9.3,8.5,18.2,100.5,6.8,15.1,39.2,42.5
UTAH_JAZZ,away,12_5,18,22.208333333333332,83.0,19.583333333333332,30.416666666666668,5,5.333333333333333,31.958333333333332,37.875,16.041666666666668,11.875,8.791666666666666,20.291666666666668,94,103.66666666666667,9.583333333333334,14.375,0,0.5416666666666666,OKLAHOMA_CITY_THUNDER,18,18.416666666666668,80.125,21.958333333333332,26.291666666666668,6,4.583333333333333,34.041666666666664,36.083333333333336,16.833333333333332,9.708333333333334,9.083333333333334,20.125,100,98.70833333333333,7.833333333333333,16.5,35,40.75,46,43.125,25.9,84.1,18.2,32.1,4.5,32.3,41.2,14.5,14.3,9.0,18.9,111.2,9.1,11.7,0.7,18.5,80.1,21.7,25.7,4.5,32.4,35.7,16.4,8.7,9.2,19.0,96.5,6.7,14.9,41.3,41.6
UTAH_JAZZ,home,12_7,17,22.04,82.84,19.64,30.52,5,5.32,31.72,37.72,16.0,11.84,8.8,20.32,101,103.28,9.84,14.44,0,0.52,HOUSTON_ROCKETS,22,18.4,80.16,22.12,25.96,5,4.64,34.04,36.2,16.88,9.48,9.2,20.04,112,98.76,7.96,16.56,32,40.52,46,43.24,25.8,84.1,18.6,31.9,4.0,32.1,41.2,14.4,13.7,9.0,18.7,110.5,10.2,12.0,0.7,18.5,80.1,21.8,25.4,4.6,32.5,35.8,16.1,8.2,9.2,18.9,95.9,7.4,15.6,41.1,41.7
UTAH_JAZZ,away,12_9,20,21.846153846153847,82.61538461538461,19.923076923076923,30.5,3,5.3076923076923075,31.576923076923077,37.57692307692308,16.23076923076923,11.807692307692308,8.615384615384615,20.346153846153847,100,103.1923076923077,9.846153846153847,14.384615384615385,0,0.5,MILWAUKEE_BUCKS,22,18.53846153846154,80.1923076923077,22.192307692307693,26.576923076923077,6,4.653846153846154,34.19230769230769,36.26923076923077,16.923076923076923,9.807692307692308,9.153846153846153,20.23076923076923,117,99.26923076923077,8.038461538461538,16.576923076923077,35,40.19230769230769,41,43.34615384615385,25.4,83.9,18.9,32.3,3.9,32.0,40.7,14.9,13.6,8.4,18.9,109.9,10.6,11.7,0.7,18.0,79.8,22.2,25.9,4.9,33.1,35.3,16.4,8.3,9.6,19.3,95.3,7.6,16.1,40.4,42.7
UTAH_JAZZ,away,12_13,24,21.77777777777778,82.37037037037037,20.555555555555557,30.22222222222222,8,5.222222222222222,31.37037037037037,37.407407407407405,16.59259259259259,11.666666666666666,8.62962962962963,20.444444444444443,100,103.07407407407408,9.74074074074074,14.444444444444445,0,0.48148148148148145,CHICAGO_BULLS,21,18.666666666666668,80.22222222222223,22.333333333333332,26.22222222222222,3,4.703703703703703,34.148148148148145,36.55555555555556,17.11111111111111,9.703703703703704,9.11111111111111,20.555555555555557,103,99.92592592592592,8.037037037037036,16.37037037037037,48,40.0,46,43.25925925925926,24.3,81.7,20.8,31.2,3.8,30.6,39.3,15.8,13.0,7.9,19.3,107.4,10.3,12.3,0.6,18.9,79.8,22.5,24.7,5.0,32.9,36.6,17.1,8.2,9.3,20.2,98.5,7.4,15.6,38.5,42.2
UTAH_JAZZ,away,12_15,19,21.857142857142858,82.67857142857143,20.071428571428573,30.214285714285715,2,5.321428571428571,31.785714285714285,37.57142857142857,16.25,11.571428571428571,8.5,20.392857142857142,107,102.96428571428571,9.5,14.5,1,0.4642857142857143,BOSTON_CELTICS,20,18.75,80.67857142857143,22.285714285714285,25.892857142857142,5,4.642857142857143,34.25,36.714285714285715,17.0,9.607142857142858,9.107142857142858,20.321428571428573,95,100.03571428571429,8.071428571428571,16.107142857142858,55,40.285714285714285,31,43.357142857142854,24.9,82.3,19.6,31.4,4.2,32.2,40.5,14.8,13.0,7.7,19.3,108.8,9.0,12.5,0.6,19.0,80.6,22.4,24.9,4.6,32.0,36.3,17.0,8.5,9.3,19.8,98.1,7.2,14.6,39.9,41.3
UTAH_JAZZ,away,12_16,24,21.75862068965517,82.6896551724138,20.0,30.03448275862069,7,5.206896551724138,32.275862068965516,37.6551724137931,16.17241379310345,11.620689655172415,8.517241379310345,20.379310344827587,100,103.10344827586206,9.379310344827585,14.517241379310345,0,0.4827586206896552,CLEVELAND_CAVALIERS,30,18.79310344827586,80.86206896551724,22.17241379310345,26.06896551724138,1,4.655172413793103,34.06896551724138,36.6551724137931,16.96551724137931,9.586206896551724,8.862068965517242,20.24137931034483,109,99.86206896551724,8.137931034482758,15.827586206896552,38,40.793103448275865,41,42.93103448275862,24.5,82.0,19.5,30.4,3.9,33.1,40.5,14.6,12.9,7.8,19.8,108.5,8.6,13.3,0.6,19.5,81.4,22.3,25.9,5.0,31.4,36.9,16.9,8.9,8.7,19.5,99.6,7.9,13.8,40.9,40.1
UTAH_JAZZ,away,12_18,17,21.833333333333332,82.63333333333334,19.8,30.166666666666668,1,5.266666666666667,32.1,37.63333333333333,15.933333333333334,11.8,8.6,20.166666666666668,99,103.0,9.366666666666667,14.433333333333334,0,0.4666666666666667,HOUSTON_ROCKETS,25,19.166666666666668,80.8,22.0,25.933333333333334,7,4.533333333333333,34.03333333333333,36.833333333333336,16.9,9.6,8.833333333333334,20.066666666666666,120,100.16666666666667,8.166666666666666,15.7,32,40.7,52,42.86666666666667,23.8,82.0,19.0,30.6,4.4,33.3,39.6,14.4,12.8,8.4,19.3,106.4,8.7,13.5,0.5,20.6,81.6,21.7,26.0,4.5,31.5,37.0,16.6,9.1,8.7,18.9,99.7,8.3,13.4,41.7,40.2
UTAH_JAZZ,away,12_20,13,21.677419354838708,82.90322580645162,19.419354838709676,30.06451612903226,3,5.129032258064516,31.93548387096774,37.774193548387096,15.64516129032258,11.67741935483871,8.483870967741936,20.225806451612904,79,102.87096774193549,9.451612903225806,14.161290322580646,0,0.45161290322580644,OKLAHOMA_CITY_THUNDER,23,19.35483870967742,80.6774193548387,22.161290322580644,26.483870967741936,5,4.612903225806452,34.225806451612904,36.935483870967744,17.096774193548388,9.838709677419354,8.935483870967742,19.838709677419356,107,100.80645161290323,8.064516129032258,15.64516129032258,39,40.41935483870968,42,43.16129032258065,23.1,82.4,18.9,30.1,3.9,32.6,39.6,14.3,12.2,8.0,19.5,105.7,9.2,13.0,0.4,21.8,81.5,22.8,26.9,4.8,32.5,38.2,17.5,10.1,8.7,18.9,104.0,8.2,13.1,40.6,41.2
UTAH_JAZZ,home,12_21,18,21.40625,82.59375,19.65625,30.09375,4,5.0625,31.8125,37.40625,15.78125,11.53125,8.5625,20.0625,100,102.125,9.34375,14.28125,1,0.4375,SAN_ANTONIO_SPURS,14,19.46875,80.5625,22.15625,26.375,3,4.625,34.21875,37.03125,17.15625,9.78125,8.90625,20.03125,89,101.0,8.28125,15.5625,41,40.375,38,43.125,20.6,81.2,20.2,29.7,4.0,33.1,37.3,15.2,11.2,8.1,19.0,101.0,8.5,13.5,0.3,21.8,82.2,22.0,26.3,4.7,33.3,38.4,17.3,9.9,8.5,19.9,104.0,8.9,12.5,41.2,41.8
UTAH_JAZZ,home,12_23,16,21.303030303030305,82.33333333333333,19.78787878787879,29.96969696969697,2,5.03030303030303,31.939393939393938,37.303030303030305,15.909090909090908,11.545454545454545,8.454545454545455,20.0,89,102.06060606060606,9.272727272727273,14.212121212121213,0,0.45454545454545453,OKLAHOMA_CITY_THUNDER,18,19.303030303030305,80.48484848484848,21.96969696969697,26.21212121212121,5,4.575757575757576,34.18181818181818,36.93939393939394,16.96969696969697,9.787878787878787,8.787878787878787,20.060606060606062,103,100.63636363636364,8.242424242424242,15.515151515151516,37,40.39393939393939,45,42.96969696969697,19.9,80.1,20.1,29.3,4.1,32.9,36.5,15.4,11.2,7.8,19.3,99.6,8.5,14.0,0.3,20.4,81.3,22.1,25.4,4.3,33.0,37.6,17.5,9.4,8.4,20.0,102.1,9.2,12.9,40.7,41.4
UTAH_JAZZ,away,12_26,19,21.147058823529413,82.02941176470588,19.794117647058822,29.852941176470587,0,4.9411764705882355,31.91176470588235,37.1764705882353,15.941176470588236,11.382352941176471,8.382352941176471,19.794117647058822,83,101.67647058823529,9.088235294117647,14.147058823529411,0,0.4411764705882353,DENVER_NUGGETS,23,19.264705882352942,80.70588235294117,21.794117647058822,26.294117647058822,1,4.588235294117647,34.05882352941177,37.0,16.852941176470587,9.852941176470589,8.970588235294118,19.941176470588236,107,100.70588235294117,8.264705882352942,15.264705882352942,42,40.294117647058826,53,43.029411764705884,18.6,79.7,20.3,28.5,4.0,31.8,35.5,15.7,10.2,7.4,18.6,96.9,7.9,13.6,0.2,21.3,82.1,21.4,26.3,4.6,34.1,39.2,16.9,10.2,8.7,19.5,105.5,9.3,12.3,39.2,42.8
UTAH_JAZZ,away,12_27,21,21.085714285714285,82.08571428571429,19.885714285714286,30.0,2,4.8,31.857142857142858,36.885714285714286,16.02857142857143,11.342857142857143,8.485714285714286,19.857142857142858,101,101.14285714285714,9.028571428571428,13.942857142857143,0,0.42857142857142855,GOLDEN_STATE_WARRIORS,37,19.37142857142857,80.71428571428571,21.8,26.4,7,4.485714285714286,34.31428571428572,37.05714285714286,16.885714285714286,9.885714285714286,9.0,19.97142857142857,126,100.88571428571429,8.114285714285714,15.085714285714285,43,40.34285714285714,50,43.31428571428572,18.7,80.2,20.5,28.7,3.5,32.2,34.8,16.1,10.1,7.7,18.7,95.8,7.0,12.7,0.2,21.8,82.1,21.0,27.5,4.1,35.0,39.2,16.9,10.9,8.5,19.8,106.2,8.5,11.4,39.9,43.5
UTAH_JAZZ,home,12_30,24,21.083333333333332,82.36111111111111,20.083333333333332,29.805555555555557,4,4.722222222222222,31.88888888888889,36.888888888888886,16.166666666666668,11.194444444444445,8.527777777777779,19.916666666666668,104,101.13888888888889,9.055555555555555,13.916666666666666,1,0.4166666666666667,CLEVELAND_CAVALIERS,20,19.86111111111111,80.86111111111111,21.666666666666668,26.305555555555557,5,4.555555555555555,34.638888888888886,37.44444444444444,16.77777777777778,9.916666666666666,8.86111111111111,19.916666666666668,101,101.58333333333333,8.11111111111111,15.11111111111111,43,40.416666666666664,46,43.5,19.1,81.7,20.5,28.0,3.2,32.7,35.1,16.0,9.6,8.3,18.8,95.8,7.0,12.7,0.2,23.3,82.6,20.3,25.6,4.3,35.8,40.5,16.4,10.2,8.1,19.1,107.6,8.3,11.3,41.0,43.9
UTAH_JAZZ,home,1_3,23,21.16216216216216,82.35135135135135,20.10810810810811,29.83783783783784,1,4.702702702702703,32.054054054054056,36.91891891891892,16.216216216216218,11.162162162162161,8.432432432432432,20.027027027027028,98,101.21621621621621,9.135135135135135,13.837837837837839,0,0.43243243243243246,NEW_ORLEANS_PELICANS,23,19.864864864864863,80.86486486486487,21.783783783783782,26.675675675675677,2,4.5675675675675675,34.7027027027027,37.351351351351354,16.89189189189189,9.972972972972974,8.864864864864865,19.89189189189189,108,101.56756756756756,8.054054054054054,15.108108108108109,36,40.486486486486484,42,43.567567567567565,19.5,82.3,18.9,28.8,3.3,33.9,35.6,15.2,9.8,7.9,18.9,96.2,7.5,12.2,0.3,23.1,82.6,20.3,27.9,4.2,36.2,39.5,16.3,10.7,8.2,18.1,106.0,8.1,11.7,41.8,44.4
UTAH_JAZZ,away,1_5,26,21.210526315789473,82.39473684210526,20.026315789473685,29.894736842105264,5,4.605263157894737,32.0,36.94736842105263,16.18421052631579,11.052631578947368,8.368421052631579,20.05263157894737,91,101.13157894736842,9.210526315789474,13.842105263157896,0,0.42105263157894735,DENVER_NUGGETS,24,19.94736842105263,80.89473684210526,21.526315789473685,26.763157894736842,1,4.5,34.71052631578947,37.44736842105263,16.763157894736842,10.078947368421053,8.81578947368421,19.842105263157894,99,101.73684210526316,8.052631578947368,15.236842105263158,53,40.36842105263158,37,43.526315789473685,19.4,81.6,19.9,29.0,2.6,32.6,35.2,16.0,9.6,8.0,19.1,96.0,8.4,12.0,0.3,23.3,81.5,19.4,29.2,4.1,36.0,39.5,16.1,11.4,8.0,18.5,106.5,8.0,12.8,40.6,44.0
UTAH_JAZZ,away,1_7,15,21.333333333333332,82.43589743589743,19.666666666666668,29.974358974358974,5,4.615384615384615,32.333333333333336,36.97435897435897,15.846153846153847,11.076923076923077,8.35897435897436,19.94871794871795,102,100.87179487179488,9.153846153846153,13.923076923076923,0,0.41025641025641024,MIAMI_HEAT,21,20.05128205128205,81.02564102564102,21.358974358974358,26.974358974358974,6,4.410256410256411,34.666666666666664,37.46153846153846,16.564102564102566,10.179487179487179,8.692307692307692,19.615384615384617,103,101.66666666666667,8.076923076923077,15.102564102564102,44,40.69230769230769,37,43.35897435897436,20.1,81.7,18.7,29.8,2.9,32.5,35.0,14.9,9.5,7.9,18.7,94.4,8.5,12.2,0.2,23.7,81.5,19.0,29.6,3.7,36.4,39.8,15.4,11.9,8.2,17.8,106.9,7.9,13.0,40.4,44.6
UTAH_JAZZ,away,1_10,23,21.175,82.425,19.675,30.025,3,4.625,32.425,36.975,15.9,11.05,8.35,19.9,107,100.9,9.075,13.85,1,0.4,WASHINGTON_WIZARDS,25,20.075,81.075,21.325,27.025,1,4.45,34.525,37.525,16.5,10.15,8.675,19.525,104,101.7,8.025,14.925,39,40.775,45,43.2,19.2,81.8,19.3,29.6,2.7,33.4,35.0,15.8,8.8,7.6,19.1,94.6,8.2,12.1,0.2,22.8,81.9,19.3,30.3,4.2,36.0,39.6,15.3,11.8,8.2,17.9,106.3,7.6,12.6,41.0,44.2
UTAH_JAZZ,away,1_12,19,21.21951219512195,82.65853658536585,19.51219512195122,30.097560975609756,8,4.585365853658536,32.31707317073171,37.1219512195122,15.75609756097561,11.048780487804878,8.414634146341463,19.829268292682926,88,101.04878048780488,9.21951219512195,13.804878048780488,0,0.4146341463414634,CHARLOTTE_HORNETS,17,20.195121951219512,81.0,21.21951219512195,26.975609756097562,2,4.365853658536586,34.5609756097561,37.609756097560975,16.390243902439025,10.146341463414634,8.682926829268293,19.463414634146343,99,101.7560975609756,8.024390243902438,15.121951219512194,45,40.73170731707317,46,43.24390243902439,19.8,81.9,19.8,30.2,2.9,33.5,35.1,16.1,9.1,8.2,18.6,95.4,8.5,12.7,0.3,22.8,82.0,18.3,28.5,3.6,35.6,39.7,14.2,11.1,7.9,18.3,104.7,7.9,13.5,41.7,43.5
UTAH_JAZZ,home,1_15,11,21.166666666666668,82.52380952380952,19.595238095238095,30.214285714285715,7,4.666666666666667,32.42857142857143,36.904761904761905,15.857142857142858,11.071428571428571,8.404761904761905,19.976190476190474,94,100.73809523809524,9.119047619047619,13.80952380952381,0,0.40476190476190477,INDIANA_PACERS,26,20.11904761904762,80.92857142857143,21.523809523809526,26.976190476190474,2,4.309523809523809,34.642857142857146,37.476190476190474,16.61904761904762,10.119047619047619,8.666666666666666,19.452380952380953,109,101.69047619047619,8.023809523809524,15.047619047619047,38,40.833333333333336,43,43.30952380952381,20.4,82.3,19.4,30.6,3.4,34.4,35.3,16.1,9.6,7.9,19.7,96.3,8.4,12.3,0.3,22.2,82.1,19.5,28.9,3.3,36.0,38.9,14.9,11.2,7.9,17.6,103.9,7.2,13.4,42.3,43.9
UTAH_JAZZ,away,1_17,26,20.930232558139537,82.48837209302326,19.53488372093023,30.27906976744186,4,4.72093023255814,32.348837209302324,36.883720930232556,15.790697674418604,11.023255813953488,8.418604651162791,19.790697674418606,120,100.5813953488372,9.162790697674419,13.790697674418604,1,0.3953488372093023,SACRAMENTO_KINGS,19,20.25581395348837,80.83720930232558,21.372093023255815,26.953488372093023,4,4.255813953488372,34.651162790697676,37.55813953488372,16.53488372093023,10.209302325581396,8.651162790697674,19.41860465116279,105,101.86046511627907,8.0,15.023255813953488,29,40.76744186046512,36,43.30232558139535,19.7,83.0,18.7,31.3,3.7,33.7,35.5,15.4,9.3,8.3,19.1,95.7,8.8,12.4,0.2,23.4,82.0,19.4,29.4,3.2,36.2,39.6,15.1,11.6,8.2,17.3,105.9,7.2,13.4,42.0,44.4
UTAH_JAZZ,home,1_19,19,21.045454545454547,82.45454545454545,19.545454545454547,30.25,6,4.704545454545454,32.13636363636363,37.09090909090909,15.795454545454545,11.045454545454545,8.363636363636363,19.795454545454547,115,101.02272727272727,9.295454545454545,13.704545454545455,0,0.4090909090909091,NEW_YORK_KNICKS,23,20.227272727272727,80.63636363636364,21.34090909090909,26.818181818181817,6,4.25,34.5,37.56818181818182,16.522727272727273,10.272727272727273,8.636363636363637,19.454545454545453,117,101.93181818181819,8.022727272727273,15.113636363636363,52,40.5,36,43.13636363636363,20.7,83.9,18.7,31.6,3.9,32.9,36.8,15.3,9.9,8.3,19.8,98.8,10.0,12.2,0.3,23.5,80.4,19.8,28.6,3.1,36.0,39.5,15.4,11.7,7.5,17.8,106.1,7.2,14.6,41.2,43.5
UTAH_JAZZ,home,1_20,21,21.0,82.64444444444445,19.77777777777778,30.266666666666666,3,4.733333333333333,32.24444444444445,37.2,15.88888888888889,11.044444444444444,8.511111111111111,19.8,125,101.33333333333333,9.177777777777777,13.777777777777779,1,0.4,LOS_ANGELES_CLIPPERS,18,20.288888888888888,80.82222222222222,21.377777777777776,26.666666666666668,2,4.288888888888889,34.37777777777778,37.71111111111111,16.555555555555557,10.28888888888889,8.6,19.6,113,102.26666666666667,7.977777777777778,15.044444444444444,56,40.75555555555555,34,42.977777777777774,20.7,84.6,19.4,31.2,4.5,33.6,38.3,15.4,10.0,8.6,19.6,102.0,9.7,13.2,0.3,23.5,81.2,19.9,27.6,3.6,34.6,40.0,15.4,11.7,7.2,18.3,107.1,7.5,14.9,42.2,41.8
UTAH_JAZZ,away,1_22,20,21.0,82.6304347826087,20.043478260869566,30.217391304347824,6,4.695652173913044,32.52173913043478,37.369565217391305,16.065217391304348,11.043478260869565,8.565217391304348,20.0,90,101.84782608695652,9.173913043478262,13.91304347826087,0,0.41304347826086957,ATLANTA_HAWKS,24,20.23913043478261,80.84782608695652,21.73913043478261,26.869565217391305,5,4.239130434782608,34.21739130434783,37.67391304347826,16.847826086956523,10.304347826086957,8.565217391304348,19.695652173913043,104,102.5,8.173913043478262,15.021739130434783,39,41.08695652173913,44,42.78260869565217,20.7,83.6,19.9,31.7,4.6,34.8,39.1,15.7,10.5,8.7,20.3,104.4,9.6,13.9,0.4,21.6,80.8,22.0,28.9,3.1,32.7,38.5,17.1,11.7,7.5,18.9,105.8,8.4,14.7,43.5,40.2
UTAH_JAZZ,away,1_24,24,20.97872340425532,82.48936170212765,20.21276595744681,29.893617021276597,9,4.723404255319149,32.51063829787234,37.276595744680854,16.148936170212767,10.893617021276595,8.53191489361702,19.893617021276597,98,101.59574468085107,9.148936170212766,13.957446808510639,1,0.40425531914893614,DETROIT_PISTONS,23,20.319148936170212,80.8936170212766,21.53191489361702,26.851063829787233,7,4.25531914893617,34.212765957446805,37.723404255319146,16.74468085106383,10.340425531914894,8.595744680851064,19.78723404255319,95,102.53191489361703,8.170212765957446,15.063829787234043,44,41.04255319148936,57,42.808510638297875,20.3,83.0,20.6,30.1,4.8,34.2,38.6,15.9,9.9,8.9,19.4,103.0,9.2,14.4,0.3,22.0,81.0,20.6,27.5,3.1,32.4,39.1,16.2,11.7,7.6,19.4,106.1,8.6,14.9,43.1,40.0
UTAH_JAZZ,away,1_26,20,21.041666666666668,82.77083333333333,20.125,29.916666666666668,5,4.8125,32.5625,37.291666666666664,16.0625,10.875,8.541666666666666,19.791666666666668,97,101.52083333333333,9.1875,13.958333333333334,1,0.4166666666666667,TORONTO_RAPTORS,23,20.375,81.22916666666667,21.458333333333332,26.9375,13,4.3125,34.375,37.729166666666664,16.645833333333332,10.270833333333334,8.729166666666666,19.708333333333332,93,102.375,8.208333333333334,15.145833333333334,47,41.104166666666664,52,43.104166666666664,20.4,84.2,20.5,30.0,5.6,34.7,38.6,15.6,10.2,9.2,18.8,103.0,9.1,14.4,0.4,22.0,82.5,21.2,27.6,3.6,33.1,38.8,16.2,11.0,8.4,19.2,104.8,8.8,14.8,43.9,41.5
UTAH_JAZZ,home,1_30,25,21.020408163265305,82.85714285714286,20.142857142857142,29.73469387755102,3,4.816326530612245,32.6530612244898,37.265306122448976,16.040816326530614,10.857142857142858,8.571428571428571,19.714285714285715,129,101.42857142857143,9.142857142857142,13.938775510204081,1,0.42857142857142855,GOLDEN_STATE_WARRIORS,27,20.428571428571427,81.51020408163265,21.367346938775512,26.93877551020408,7,4.489795918367347,34.40816326530612,37.714285714285715,16.551020408163264,10.204081632653061,8.877551020408163,19.6734693877551,99,102.18367346938776,8.244897959183673,15.061224489795919,42,41.224489795918366,37,43.285714285714285,19.8,84.5,22.0,28.8,5.6,33.9,38.4,16.8,10.0,9.4,18.8,103.6,9.1,14.0,0.5,21.9,83.4,21.4,26.8,4.8,33.4,38.7,16.5,10.3,9.6,19.9,104.2,8.9,14.9,43.3,43.0
UTAH_JAZZ,away,2_2,30,21.1,83.02,20.02,29.7,6,4.78,32.7,37.58,15.9,10.92,8.54,19.76,129,101.98,9.28,13.88,1,0.44,PHOENIX_SUNS,19,20.56,81.58,21.36,26.9,5,4.54,34.24,37.74,16.54,10.1,8.92,19.6,97,102.12,8.28,15.14,51,41.24,32,43.16,20.8,85.4,21.4,28.4,5.4,33.8,40.0,15.9,10.4,9.3,19.2,106.3,10.1,14.0,0.6,22.5,83.6,21.5,26.4,4.9,33.1,38.6,16.7,9.9,9.9,19.9,103.8,9.3,16.0,43.1,43.0
UTAH_JAZZ,away,2_3,26,21.274509803921568,83.15686274509804,19.96078431372549,29.686274509803923,5,4.803921568627451,32.88235294117647,37.84313725490196,15.823529411764707,11.0,8.549019607843137,19.784313725490197,120,102.50980392156863,9.235294117647058,13.823529411764707,1,0.45098039215686275,SAN_ANTONIO_SPURS,25,20.529411764705884,81.68627450980392,21.313725490196077,27.019607843137255,5,4.549019607843137,34.07843137254902,37.705882352941174,16.529411764705884,10.07843137254902,8.862745098039216,19.705882352941178,111,102.01960784313725,8.254901960784315,15.07843137254902,37,41.431372549019606,36,42.94117647058823,21.5,85.2,21.8,28.0,5.7,35.2,40.8,16.1,10.8,9.1,19.6,108.5,9.3,13.9,0.6,21.9,84.5,21.7,27.2,5.3,32.1,38.1,17.1,9.8,9.6,20.7,103.1,9.2,14.9,44.3,41.7
UTAH_JAZZ,away,2_5,29,21.365384615384617,82.88461538461539,20.26923076923077,29.557692307692307,5,4.8076923076923075,32.86538461538461,37.86538461538461,16.096153846153847,11.01923076923077,8.48076923076923,19.76923076923077,133,102.84615384615384,9.173076923076923,13.884615384615385,1,0.46153846153846156,NEW_ORLEANS_PELICANS,24,20.615384615384617,81.86538461538461,21.25,27.0,6,4.5576923076923075,33.90384615384615,37.82692307692308,16.46153846153846,10.076923076923077,8.903846153846153,19.846153846153847,109,102.1923076923077,8.26923076923077,15.01923076923077,45,41.34615384615385,30,42.80769230769231,22.2,84.4,23.1,26.8,5.4,34.7,41.9,17.1,10.8,8.8,18.9,111.7,9.4,14.2,0.7,22.7,85.8,20.1,27.1,5.6,30.8,39.3,15.8,9.9,9.9,21.5,104.3,9.3,14.9,43.5,40.7
UTAH_JAZZ,away,2_7,14,21.50943396226415,83.0,20.20754716981132,29.39622641509434,4,4.811320754716981,32.924528301886795,38.132075471698116,16.07547169811321,11.075471698113208,8.49056603773585,19.735849056603772,92,103.41509433962264,9.11320754716981,13.867924528301886,1,0.4716981132075472,MEMPHIS_GRIZZLIES,18,20.67924528301887,82.0754716981132,21.09433962264151,26.90566037735849,5,4.584905660377358,33.716981132075475,38.0,16.28301886792453,10.037735849056604,8.849056603773585,19.754716981132077,88,102.32075471698113,8.30188679245283,15.0,43,41.41509433962264,36,42.56603773584906,24.0,85.2,23.1,25.6,5.2,35.4,43.5,17.3,11.3,8.8,19.5,115.6,8.9,14.2,0.8,22.5,87.4,19.9,26.7,6.0,29.7,39.9,15.2,9.3,9.7,21.2,104.3,9.6,14.9,44.2,39.4
UTAH_JAZZ,home,2_9,29,21.37037037037037,82.74074074074075,20.444444444444443,29.25925925925926,7,4.796296296296297,32.94444444444444,37.96296296296296,16.296296296296298,10.981481481481481,8.5,19.666666666666668,106,103.20370370370371,9.055555555555555,13.962962962962964,1,0.48148148148148145,CHARLOTTE_HORNETS,17,20.62962962962963,82.05555555555556,21.0,26.833333333333332,2,4.592592592592593,33.592592592592595,37.925925925925924,16.203703703703702,10.0,8.851851851851851,19.87037037037037,94,102.05555555555556,8.37037037037037,15.0,49,41.44444444444444,33,42.44444444444444,22.8,84.0,24.4,24.9,5.2,36.5,41.8,18.5,10.7,9.1,19.1,112.8,8.0,15.1,0.8,22.4,88.3,19.5,26.9,6.1,29.6,39.5,14.8,8.8,9.8,21.7,102.6,9.9,14.5,45.6,39.4
UTAH_JAZZ,away,2_11,23,21.509090909090908,82.76363636363637,20.381818181818183,29.254545454545454,4,4.836363636363636,33.10909090909091,38.018181818181816,16.254545454545454,10.963636363636363,8.472727272727273,19.618181818181817,115,103.25454545454545,8.981818181818182,13.927272727272728,1,0.4909090909090909,PORTLAND_TRAIL_BLAZERS,16,20.563636363636363,82.10909090909091,20.963636363636365,26.78181818181818,4,4.545454545454546,33.49090909090909,37.872727272727275,16.181818181818183,9.981818181818182,8.781818181818181,19.836363636363636,96,101.9090909090909,8.363636363636363,14.854545454545455,58,41.58181818181818,37,42.27272727272727,23.8,83.3,23.1,24.7,5.3,37.0,41.7,17.9,10.6,8.3,18.8,111.9,8.1,14.6,0.9,21.8,87.9,19.1,27.3,5.7,29.5,38.6,14.5,8.6,9.6,20.9,100.3,10.1,14.0,45.3,39.1
UTAH_JAZZ,home,2_12,15,21.535714285714285,82.85714285714286,20.410714285714285,29.196428571428573,5,4.821428571428571,33.267857142857146,38.07142857142857,16.321428571428573,11.0,8.607142857142858,19.660714285714285,101,103.46428571428571,8.964285714285714,13.910714285714286,1,0.5,SAN_ANTONIO_SPURS,23,20.482142857142858,82.08928571428571,21.035714285714285,26.75,8,4.535714285714286,33.44642857142857,37.785714285714285,16.267857142857142,9.964285714285714,8.732142857142858,19.875,99,101.80357142857143,8.339285714285714,14.821428571428571,43,41.875,44,42.17857142857143,24.0,83.9,22.1,24.5,5.4,36.7,41.3,17.5,10.8,8.8,18.1,110.9,8.0,13.9,0.9,21.6,87.8,17.8,26.2,5.9,29.9,38.3,13.6,8.4,9.5,20.7,98.6,9.1,13.9,45.5,39.4
UTAH_JAZZ,home,2_14,22,21.42105263157895,82.87719298245614,20.57894736842105,29.105263157894736,3,4.824561403508772,33.280701754385966,38.01754385964912,16.385964912280702,11.0,8.614035087719298,19.736842105263158,107,103.42105263157895,8.929824561403509,13.824561403508772,1,0.5087719298245614,PHOENIX_SUNS,19,20.526315789473685,82.14035087719299,21.105263157894736,26.719298245614034,6,4.5964912280701755,33.49122807017544,37.78947368421053,16.280701754385966,9.894736842105264,8.719298245614034,19.94736842105263,97,101.75438596491227,8.280701754385966,14.75438596491228,54,41.89473684210526,41,42.21052631578947,23.5,84.7,22.3,25.4,5.3,36.9,41.5,17.5,11.5,9.0,19.0,112.0,7.9,13.2,1.0,21.5,88.0,19.1,26.1,6.2,30.1,38.1,14.1,7.8,9.3,20.7,98.1,8.8,13.3,45.9,39.4
UTAH_JAZZ,home,2_23,15,21.43103448275862,83.03448275862068,20.603448275862068,29.189655172413794,6,4.793103448275862,33.39655172413793,38.03448275862069,16.43103448275862,10.982758620689655,8.706896551724139,19.689655172413794,81,103.48275862068965,8.879310344827585,13.724137931034482,0,0.5172413793103449,PORTLAND_TRAIL_BLAZERS,14,20.5,82.08620689655173,21.155172413793103,26.75862068965517,5,4.620689655172414,33.53448275862069,37.724137931034484,16.29310344827586,9.931034482758621,8.655172413793103,20.03448275862069,100,101.67241379310344,8.224137931034482,14.706896551724139,43,42.10344827586207,41,42.189655172413794,23.3,84.3,22.9,25.7,4.7,37.4,41.6,18.2,11.5,9.5,19.2,112.9,7.4,12.6,1.0,21.1,86.2,19.7,25.9,6.1,29.5,37.7,14.6,8.3,8.3,21.6,98.3,8.3,12.6,46.9,37.8
UTAH_JAZZ,home,2_24,26,21.322033898305083,82.94915254237289,20.440677966101696,29.11864406779661,3,4.813559322033898,33.42372881355932,37.94915254237288,16.305084745762713,10.898305084745763,8.694915254237289,19.576271186440678,97,103.10169491525424,8.847457627118644,13.813559322033898,1,0.5084745762711864,DALLAS_MAVERICKS,19,20.389830508474578,82.16949152542372,21.033898305084747,26.71186440677966,4,4.627118644067797,33.559322033898304,37.74576271186441,16.23728813559322,9.915254237288135,8.610169491525424,20.033898305084747,90,101.64406779661017,8.271186440677965,14.661016949152541,44,42.11864406779661,44,42.16949152542373,22.8,83.4,21.9,26.1,4.8,37.2,41.3,17.6,11.1,9.3,18.9,111.3,7.4,13.2,0.9,20.2,85.4,19.4,25.6,5.3,29.4,37.9,14.7,8.5,7.3,21.8,99.0,8.4,12.7,46.5,36.7
UTAH_JAZZ,home,2_26,21,21.4,82.98333333333333,20.533333333333335,29.166666666666668,4,4.783333333333333,33.45,37.88333333333333,16.366666666666667,10.866666666666667,8.7,19.566666666666666,85,103.0,8.8,13.766666666666667,0,0.5166666666666667,HOUSTON_ROCKETS,15,20.366666666666667,82.18333333333334,20.916666666666668,26.85,2,4.616666666666666,33.65,37.68333333333333,16.166666666666668,9.916666666666666,8.55,20.083333333333332,96,101.45,8.233333333333333,14.666666666666666,39,42.15,40,42.2,22.9,82.8,23.1,26.5,4.8,37.2,39.4,18.7,10.6,9.5,18.6,108.1,6.4,13.2,0.9,19.4,85.2,18.7,26.6,5.0,30.7,37.4,14.3,9.0,6.7,22.5,98.1,8.0,12.3,46.7,37.4
UTAH_JAZZ,home,3_2,21,21.39344262295082,82.78688524590164,20.557377049180328,29.16393442622951,5,4.770491803278689,33.42622950819672,37.77049180327869,16.360655737704917,10.80327868852459,8.672131147540984,19.557377049180328,116,102.70491803278688,8.754098360655737,13.901639344262295,1,0.5081967213114754,MINNESOTA_TIMBERWOLVES,14,20.278688524590162,82.1311475409836,20.983606557377048,26.950819672131146,0,4.573770491803279,33.60655737704918,37.622950819672134,16.21311475409836,9.901639344262295,8.557377049180328,20.098360655737704,108,101.36065573770492,8.344262295081966,14.672131147540984,45,42.09836065573771,27,42.16393442622951,22.0,80.9,23.6,26.5,4.6,36.2,37.4,19.1,9.8,9.3,18.4,103.7,6.3,14.3,0.8,19.0,84.4,19.3,26.6,4.7,31.2,37.2,14.6,9.0,7.0,22.1,98.0,8.8,12.6,45.5,38.2
UTAH_JAZZ,away,3_3,20,21.387096774193548,82.70967741935483,20.79032258064516,29.161290322580644,7,4.774193548387097,33.435483870967744,37.806451612903224,16.532258064516128,10.774193548387096,8.709677419354838,19.580645161290324,98,102.91935483870968,8.725806451612904,13.96774193548387,1,0.5161290322580645,SACRAMENTO_KINGS,15,20.177419354838708,82.0,21.14516129032258,26.79032258064516,7,4.5,33.46774193548387,37.62903225806452,16.322580645161292,9.887096774193548,8.451612903225806,20.14516129032258,91,101.46774193548387,8.35483870967742,14.629032258064516,52,42.145161290322584,48,41.91935483870968,21.5,81.8,23.5,27.1,4.6,36.4,37.5,18.8,9.5,9.9,18.6,103.3,6.4,14.4,0.8,17.9,82.7,20.6,25.7,4.2,31.2,36.6,15.6,8.9,6.1,21.7,97.7,8.8,12.6,46.3,37.3
UTAH_JAZZ,home,3_5,23,21.365079365079364,82.6984126984127,20.92063492063492,29.206349206349206,7,4.809523809523809,33.55555555555556,37.74603174603175,16.571428571428573,10.777777777777779,8.746031746031745,19.571428571428573,94,102.84126984126983,8.73015873015873,13.952380952380953,1,0.5238095238095238,ORLANDO_MAGIC,18,20.095238095238095,82.11111111111111,21.07936507936508,26.841269841269842,4,4.5396825396825395,33.523809523809526,37.57142857142857,16.285714285714285,9.873015873015873,8.492063492063492,20.206349206349206,80,101.3015873015873,8.333333333333334,14.603174603174603,48,42.301587301587304,36,42.01587301587302,20.6,81.1,24.7,28.2,4.8,36.9,35.7,19.2,9.2,10.1,18.7,99.8,6.7,14.4,0.8,17.0,82.3,21.0,26.5,4.3,32.5,35.3,16.3,9.0,6.6,22.6,95.9,8.5,12.5,47.0,39.1
UTAH_JAZZ,away,3_7,30,21.390625,82.546875,20.875,29.234375,5,4.84375,33.6875,37.71875,16.5,10.765625,8.703125,19.609375,104,102.703125,8.71875,13.96875,1,0.53125,INDIANA_PACERS,12,20.0625,82.15625,20.96875,26.953125,3,4.53125,33.46875,37.4375,16.203125,9.890625,8.453125,20.1875,84,100.96875,8.3125,14.59375,42,42.390625,45,41.921875,21.5,81.5,23.2,29.1,5.1,37.7,36.4,17.6,9.6,9.8,19.3,100.0,6.9,14.0,0.8,17.0,82.7,20.8,27.6,4.2,32.8,34.8,16.2,9.3,6.3,21.9,95.1,8.0,12.4,47.5,39.1
UTAH_JAZZ,away,3_9,26,21.523076923076925,82.50769230769231,20.8,29.26153846153846,8,4.846153846153846,33.707692307692305,37.76923076923077,16.415384615384614,10.76923076923077,8.676923076923076,19.584615384615386,95,102.72307692307692,8.723076923076922,13.938461538461539,1,0.5384615384615384,MEMPHIS_GRIZZLIES,16,19.93846153846154,82.24615384615385,20.907692307692308,26.892307692307693,5,4.507692307692308,33.43076923076923,37.38461538461539,16.153846153846153,9.784615384615385,8.538461538461538,20.138461538461538,78,100.70769230769231,8.323076923076924,14.553846153846154,48,42.38461538461539,39,41.96923076923077,21.6,81.1,23.1,29.3,4.9,37.0,36.4,17.3,9.7,9.8,19.4,99.8,7.3,14.0,0.8,16.5,83.0,20.6,27.5,4.3,33.1,34.7,16.0,8.7,7.2,21.8,94.1,8.1,12.9,46.8,40.3
UTAH_JAZZ,away,3_11,24,21.59090909090909,82.37878787878788,20.818181818181817,29.303030303030305,3,4.893939393939394,33.803030303030305,37.696969696969695,16.40909090909091,10.803030303030303,8.666666666666666,19.545454545454547,116,102.60606060606061,8.742424242424242,13.984848484848484,1,0.5454545454545454,NEW_ORLEANS_PELICANS,28,19.87878787878788,82.25757575757575,20.803030303030305,26.818181818181817,14,4.515151515151516,33.36363636363637,37.28787878787879,16.060606060606062,9.727272727272727,8.56060606060606,20.166666666666668,99,100.36363636363636,8.257575757575758,14.56060606060606,55,42.46969696969697,38,41.92424242424242,21.9,79.7,23.1,29.9,5.3,36.8,35.6,16.9,9.7,9.0,18.9,97.8,7.5,14.4,0.8,16.5,83.2,19.5,27.2,4.4,32.9,34.5,14.9,8.4,7.6,21.8,92.3,7.8,13.1,45.8,40.5
UTAH_JAZZ,home,3_13,29,21.62686567164179,82.58208955223881,20.880597014925375,29.34328358208955,5,4.865671641791045,33.865671641791046,37.73134328358209,16.52238805970149,10.82089552238806,8.791044776119403,19.55223880597015,110,102.80597014925372,8.671641791044776,14.0,1,0.5522388059701493,DETROIT_PISTONS,14,20.0,82.41791044776119,20.686567164179106,26.73134328358209,4,4.656716417910448,33.28358208955224,37.343283582089555,15.985074626865671,9.671641791044776,8.582089552238806,20.238805970149254,79,100.34328358208955,8.238805970149254,14.537313432835822,52,42.656716417910445,32,41.865671641791046,22.8,80.9,22.6,30.7,5.1,37.2,36.1,17.3,9.8,9.8,18.5,99.3,7.2,15.0,0.8,17.0,84.0,18.3,26.8,5.0,32.1,34.8,14.3,8.4,7.8,21.9,92.3,8.0,13.3,47.0,39.9
UTAH_JAZZ,home,3_15,29,21.735294117647058,82.48529411764706,20.91176470588235,29.41176470588235,8,4.867647058823529,33.970588235294116,37.794117647058826,16.470588235294116,10.852941176470589,8.823529411764707,19.58823529411765,116,102.91176470588235,8.691176470588236,14.117647058823529,1,0.5588235294117647,PHOENIX_SUNS,14,19.91176470588235,82.38235294117646,20.66176470588235,26.705882352941178,4,4.647058823529412,33.14705882352941,37.23529411764706,15.955882352941176,9.602941176470589,8.573529411764707,20.279411764705884,88,100.02941176470588,8.323529411764707,14.573529411764707,53,42.794117647058826,51,41.720588235294116,23.5,79.3,22.7,30.7,5.3,37.3,36.4,16.7,10.1,9.5,19.0,99.6,7.6,16.4,0.8,16.5,84.1,17.8,26.4,4.8,30.9,34.4,14.0,7.7,8.1,21.7,90.5,8.9,13.8,46.8,39.0
UTAH_JAZZ,home,3_17,21,21.840579710144926,82.69565217391305,21.07246376811594,29.507246376811594,8,4.913043478260869,34.04347826086956,37.85507246376812,16.52173913043478,10.869565217391305,8.898550724637682,19.594202898550726,103,103.10144927536231,8.73913043478261,14.014492753623188,1,0.5652173913043478,SACRAMENTO_KINGS,23,19.82608695652174,82.3913043478261,20.71014492753623,26.55072463768116,5,4.63768115942029,33.27536231884058,37.15942028985507,15.971014492753623,9.565217391304348,8.579710144927537,20.347826086956523,97,99.85507246376811,8.26086956521739,14.681159420289855,48,42.94202898550725,33,41.85507246376812,24.9,81.2,24.8,31.8,5.5,37.7,37.3,17.8,10.7,10.1,19.7,103.1,8.1,15.2,0.9,16.5,83.7,18.8,25.6,4.7,31.6,33.7,14.4,7.5,8.4,22.2,89.3,8.2,14.8,47.8,40.0
UTAH_JAZZ,home,3_20,16,21.82857142857143,82.57142857142857,21.314285714285713,29.428571428571427,8,4.957142857142857,34.128571428571426,37.785714285714285,16.728571428571428,10.8,8.885714285714286,19.5,94,103.1,8.728571428571428,14.028571428571428,0,0.5714285714285714,ATLANTA_HAWKS,21,19.87142857142857,82.44285714285714,20.614285714285714,26.47142857142857,3,4.642857142857143,33.22857142857143,37.15714285714286,15.871428571428572,9.628571428571428,8.5,20.485714285714284,99,99.81428571428572,8.3,14.657142857142857,51,43.01428571428571,52,41.72857142857143,24.4,80.1,26.0,31.0,6.0,38.2,37.2,18.9,10.4,10.0,19.1,103.7,8.3,15.6,0.9,16.9,84.0,18.8,24.2,4.8,30.7,34.0,14.1,7.9,8.2,22.9,90.0,8.7,14.6,48.2,38.9
UTAH_JAZZ,away,3_22,32,21.746478873239436,82.66197183098592,21.366197183098592,29.492957746478872,6,5.0,34.19718309859155,37.71830985915493,16.802816901408452,10.732394366197184,8.929577464788732,19.535211267605632,119,102.97183098591549,8.71830985915493,14.056338028169014,1,0.5633802816901409,DALLAS_MAVERICKS,22,19.887323943661972,82.6056338028169,20.591549295774648,26.56338028169014,7,4.619718309859155,33.33802816901409,37.16901408450704,15.845070422535212,9.619718309859154,8.535211267605634,20.52112676056338,112,99.80281690140845,8.28169014084507,14.633802816901408,39,43.12676056338028,35,41.87323943661972,23.9,81.9,26.3,31.5,6.4,38.9,37.4,19.5,10.3,10.5,19.4,104.6,8.5,15.0,0.9,17.5,85.5,18.2,24.2,4.9,31.7,34.4,13.6,7.9,8.4,23.1,90.3,7.9,14.4,49.4,40.1
UTAH_JAZZ,away,3_23,24,21.88888888888889,82.72222222222223,21.291666666666668,29.48611111111111,3,5.013888888888889,34.15277777777778,37.833333333333336,16.77777777777778,10.75,8.916666666666666,19.52777777777778,120,103.19444444444444,8.75,14.01388888888889,0,0.5694444444444444,SAN_ANTONIO_SPURS,21,19.916666666666668,82.63888888888889,20.5,26.63888888888889,7,4.652777777777778,33.25,37.236111111111114,15.777777777777779,9.722222222222221,8.527777777777779,20.458333333333332,124,99.97222222222223,8.23611111111111,14.625,34,43.06944444444444,49,41.77777777777778,25.0,82.8,24.4,31.5,6.5,38.6,38.0,18.3,10.6,10.2,19.2,104.9,8.9,14.3,0.9,18.3,86.6,16.5,25.7,5.6,31.9,34.8,12.4,8.7,9.0,22.4,90.7,7.5,14.6,48.8,40.9
UTAH_JAZZ,away,3_25,27,21.91780821917808,82.79452054794521,21.397260273972602,29.465753424657535,8,4.986301369863014,34.082191780821915,37.9041095890411,16.863013698630137,10.753424657534246,8.863013698630137,19.575342465753426,110,103.42465753424658,8.767123287671232,14.027397260273972,1,0.5616438356164384,GOLDEN_STATE_WARRIORS,24,19.931506849315067,82.76712328767124,20.589041095890412,26.506849315068493,7,4.684931506849315,33.31506849315068,37.36986301369863,15.876712328767123,9.684931506849315,8.561643835616438,20.52054794520548,91,100.3013698630137,8.246575342465754,14.602739726027398,47,42.945205479452056,41,41.87671232876713,25.4,83.4,24.4,31.1,6.1,37.4,38.9,18.7,10.6,9.6,19.6,107.1,9.0,14.5,0.8,18.9,86.9,17.5,24.4,5.6,32.0,36.1,13.3,8.5,9.0,22.5,94.0,7.7,14.6,47.0,41.0
UTAH_JAZZ,home,3_28,25,21.986486486486488,82.85135135135135,21.35135135135135,29.445945945945947,6,5.027027027027027,34.108108108108105,37.95945945945946,16.824324324324323,10.77027027027027,8.891891891891891,19.527027027027028,94,103.51351351351352,8.72972972972973,14.027027027027026,0,0.5675675675675675,BOSTON_CELTICS,20,19.986486486486488,82.87837837837837,20.445945945945947,26.35135135135135,2,4.716216216216216,33.229729729729726,37.37837837837838,15.783783783783784,9.635135135135135,8.635135135135135,20.5,97,100.17567567567568,8.256756756756756,14.554054054054054,45,43.0,42,41.86486486486486,25.8,84.8,24.4,30.8,6.2,36.8,39.5,18.9,10.8,10.1,19.0,108.7,8.8,14.4,0.8,19.5,87.5,17.1,22.5,5.9,31.7,37.0,13.1,8.0,9.8,22.5,95.1,7.9,14.3,46.9,41.5
UTAH_JAZZ,home,3_30,24,22.026666666666667,82.84,21.346666666666668,29.493333333333332,5,5.04,34.093333333333334,37.906666666666666,16.826666666666668,10.746666666666666,8.933333333333334,19.506666666666668,107,103.38666666666667,8.706666666666667,14.053333333333333,1,0.56,MEMPHIS_GRIZZLIES,24,19.986666666666668,82.82666666666667,20.44,26.28,4,4.68,33.2,37.346666666666664,15.773333333333333,9.666666666666666,8.666666666666666,20.466666666666665,97,100.13333333333334,8.293333333333333,14.573333333333334,38,43.026666666666664,33,41.86666666666667,25.3,85.0,24.9,31.0,6.3,36.6,38.8,19.5,10.6,10.6,19.0,107.7,8.6,14.8,0.7,20.3,86.6,17.4,22.3,5.8,31.7,37.1,13.3,8.9,9.5,22.6,96.4,8.1,14.7,47.2,41.2
UTAH_JAZZ,away,4_1,29,22.05263157894737,82.72368421052632,21.407894736842106,29.513157894736842,7,5.0394736842105265,34.05263157894737,37.93421052631579,16.80263157894737,10.763157894736842,8.907894736842104,19.5,121,103.4342105263158,8.68421052631579,14.06578947368421,1,0.5657894736842105,MINNESOTA_TIMBERWOLVES,19,20.039473684210527,82.80263157894737,20.36842105263158,26.236842105263158,1,4.671052631578948,33.10526315789474,37.36842105263158,15.697368421052632,9.657894736842104,8.644736842105264,20.473684210526315,97,100.09210526315789,8.289473684210526,14.552631578947368,45,42.96052631578947,32,41.75,25.1,85.0,25.3,30.9,6.0,35.7,39.5,19.4,10.5,10.5,19.2,108.9,8.3,14.6,0.7,21.1,86.4,17.5,22.4,5.7,31.4,37.9,13.3,9.2,9.2,22.5,98.3,8.5,14.5,46.2,40.6
UTAH_JAZZ,home,4_3,29,22.142857142857142,82.63636363636364,21.454545454545453,29.493506493506494,5,5.064935064935065,34.116883116883116,38.03896103896104,16.818181818181817,10.766233766233766,8.87012987012987,19.493506493506494,117,103.66233766233766,8.675324675324676,14.090909090909092,1,0.5714285714285714,LOS_ANGELES_LAKERS,23,20.025974025974026,82.8961038961039,20.285714285714285,26.207792207792206,5,4.623376623376624,33.0,37.37662337662338,15.662337662337663,9.636363636363637,8.623376623376624,20.428571428571427,110,100.05194805194805,8.311688311688311,14.519480519480519,47,42.98701298701299,39,41.62337662337662,25.6,83.0,25.3,30.5,6.4,35.8,40.1,18.8,10.4,9.4,19.1,109.4,8.7,14.7,0.7,20.2,86.1,17.6,22.7,4.4,31.1,37.6,13.5,9.4,8.9,21.7,98.1,8.8,14.4,45.2,40.0
UTAH_JAZZ,home,4_5,27,22.23076923076923,82.71794871794872,21.525641025641026,29.53846153846154,8,5.064102564102564,34.1025641025641,38.1025641025641,16.82051282051282,10.807692307692308,8.935897435897436,19.525641025641026,117,103.83333333333333,8.692307692307692,14.08974358974359,1,0.5769230769230769,LOS_ANGELES_CLIPPERS,18,20.064102564102566,82.78205128205128,20.487179487179485,26.23076923076923,3,4.628205128205129,32.98717948717949,37.35897435897436,15.76923076923077,9.692307692307692,8.602564102564102,20.46153846153846,95,100.17948717948718,8.294871794871796,14.538461538461538,38,43.03846153846154,39,41.58974358974359,25.6,84.3,25.7,30.4,6.4,35.0,40.2,19.2,10.5,9.7,19.1,110.1,8.7,13.9,0.7,21.1,85.5,19.3,23.0,4.5,31.9,38.2,14.5,10.3,8.8,21.7,101.2,8.1,14.3,44.7,40.7
UTAH_JAZZ,away,4_8,35,22.29113924050633,82.72151898734177,21.60759493670886,29.50632911392405,4,5.10126582278481,34.0253164556962,38.177215189873415,16.848101265822784,10.79746835443038,8.949367088607595,19.556962025316455,112,104.0,8.670886075949367,14.025316455696203,1,0.5822784810126582,LOS_ANGELES_LAKERS,20,20.037974683544302,82.73417721518987,20.582278481012658,26.11392405063291,4,4.6075949367088604,32.924050632911396,37.32911392405063,15.848101265822784,9.60759493670886,8.632911392405063,20.518987341772153,97,100.11392405063292,8.278481012658228,14.556962025316455,45,42.9746835443038,44,41.55696202531646,25.4,82.9,25.3,29.5,6.4,33.9,40.4,19.1,10.3,9.3,19.3,110.2,8.2,14.1,0.7,21.5,85.1,19.7,23.1,4.4,30.5,38.5,15.0,9.9,9.0,21.7,101.9,8.4,13.7,43.2,39.5
UTAH_JAZZ,home,4_10,25,22.45,82.725,21.6125,29.5875,6,5.0875,34.075,38.225,16.825,10.825,8.925,19.6125,119,104.1,8.6625,14.075,1,0.5875,GOLDEN_STATE_WARRIORS,14,20.0375,82.8625,20.6,26.1,3,4.6,32.9125,37.325,15.875,9.55,8.675,20.5375,79,100.075,8.275,14.525,54,43.0,39,41.5875,26.8,83.8,23.7,30.7,6.0,33.7,41.3,17.5,11.0,9.2,20.4,111.1,8.2,14.4,0.7,21.2,85.8,20.5,23.5,4.3,30.7,38.5,15.9,9.0,9.9,20.9,101.9,8.1,13.6,42.9,40.6
UTAH_JAZZ,away,4_11,18,22.48148148148148,82.81481481481481,21.506172839506174,29.65432098765432,7,5.098765432098766,34.17283950617284,38.34567901234568,16.74074074074074,10.851851851851851,8.962962962962964,19.617283950617285,93,104.28395061728395,8.679012345679013,14.08641975308642,0,0.5925925925925926,PORTLAND_TRAIL_BLAZERS,19,19.962962962962962,82.90123456790124,20.54320987654321,26.012345679012345,9,4.580246913580247,32.876543209876544,37.23456790123457,15.851851851851851,9.493827160493828,8.679012345679013,20.506172839506174,102,99.81481481481481,8.25925925925926,14.530864197530864,53,43.135802469135804,46,41.55555555555556,27.7,83.9,22.5,30.8,5.8,34.0,42.8,16.3,11.7,9.2,20.2,113.6,8.4,14.3,0.8,20.5,85.0,20.2,22.1,4.3,29.6,37.7,15.9,8.6,9.7,20.4,99.9,8.1,13.8,43.2,39.3
UTAH_JAZZ,away,4_15,18,22.426829268292682,82.89024390243902,21.536585365853657,29.573170731707318,7,5.121951219512195,34.23170731707317,38.28048780487805,16.76829268292683,10.817073170731707,9.024390243902438,19.609756097560975,108,104.14634146341463,8.634146341463415,14.085365853658537,0,0.5853658536585366,OKLAHOMA_CITY_THUNDER,16,19.951219512195124,82.97560975609755,20.48780487804878,25.98780487804878,5,4.634146341463414,32.951219512195124,37.28048780487805,15.792682926829269,9.487804878048781,8.658536585365853,20.524390243902438,116,99.84146341463415,8.268292682926829,14.475609756097562,42,43.25609756097561,46,41.609756097560975,26.3,84.1,23.3,30.2,5.9,34.8,41.5,16.7,11.3,9.8,20.2,111.0,7.8,14.6,0.7,20.2,85.4,20.4,21.3,4.5,30.8,37.6,15.9,7.8,9.6,21.0,98.9,8.5,13.4,44.6,40.4
UTAH_JAZZ,away,4_18,22,22.373493975903614,82.93975903614458,21.518072289156628,29.55421686746988,3,5.144578313253012,34.21686746987952,38.31325301204819,16.746987951807228,10.819277108433734,9.024096385542169,19.626506024096386,102,104.19277108433735,8.650602409638553,14.08433734939759,1,0.5783132530120482,OKLAHOMA_CITY_THUNDER,22,19.903614457831324,83.0,20.518072289156628,26.02409638554217,4,4.63855421686747,33.0,37.325301204819276,15.843373493975903,9.542168674698795,8.662650602409638,20.50602409638554,95,100.03614457831326,8.265060240963855,14.506024096385541,56,43.24096385542169,46,41.66265060240964,25.7,84.0,22.4,30.2,6.3,35.2,41.3,15.9,11.3,10.2,20.0,109.8,7.8,14.5,0.7,19.7,84.7,20.0,22.5,4.3,30.7,37.0,15.6,8.5,9.4,20.4,98.1,8.4,13.8,45.4,40.1
UTAH_JAZZ,home,4_21,24,22.36904761904762,82.95238095238095,21.654761904761905,29.547619047619047,5,5.119047619047619,34.29761904761905,38.273809523809526,16.821428571428573,10.797619047619047,9.095238095238095,19.61904761904762,115,104.16666666666667,8.654761904761905,14.083333333333334,1,0.5833333333333334,OKLAHOMA_CITY_THUNDER,17,19.928571428571427,83.08333333333333,20.488095238095237,26.13095238095238,3,4.630952380952381,33.035714285714285,37.30952380952381,15.797619047619047,9.55952380952381,8.678571428571429,20.55952380952381,102,99.97619047619048,8.297619047619047,14.488095238095237,48,43.392857142857146,33,41.714285714285715,25.2,83.7,23.9,30.3,5.8,35.7,40.6,16.8,11.0,10.6,20.3,109.0,8.1,14.5,0.7,19.5,84.6,20.8,24.5,4.0,31.6,36.8,15.9,9.0,9.0,21.0,98.5,8.6,14.0,46.3,40.6
UTAH_JAZZ,home,4_23,21,22.388235294117646,82.91764705882353,21.71764705882353,29.6,7,5.117647058823529,34.305882352941175,38.31764705882353,16.83529411764706,10.823529411764707,9.141176470588235,19.623529411764707,113,104.29411764705883,8.694117647058823,14.141176470588235,1,0.5882352941176471,OKLAHOMA_CITY_THUNDER,10,19.894117647058824,83.02352941176471,20.470588235294116,26.152941176470588,6,4.6117647058823525,32.96470588235294,37.305882352941175,15.776470588235295,9.611764705882353,8.647058823529411,20.58823529411765,96,100.0,8.329411764705883,14.51764705882353,49,43.44705882352941,46,41.61176470588235,25.1,83.5,24.5,30.4,5.7,35.9,41.4,16.9,11.4,10.7,20.5,111.1,8.6,14.8,0.8,19.2,84.5,20.7,25.2,4.1,31.2,37.0,15.8,9.2,8.5,21.5,99.0,8.6,14.1,46.6,39.7
UTAH_JAZZ,away,4_25,19,22.372093023255815,83.01162790697674,21.77906976744186,29.651162790697676,6,5.1395348837209305,34.36046511627907,38.348837209302324,16.86046511627907,10.837209302325581,9.151162790697674,19.662790697674417,99,104.3953488372093,8.674418604651162,14.104651162790697,0,0.5930232558139535,OKLAHOMA_CITY_THUNDER,13,19.77906976744186,83.03488372093024,20.58139534883721,26.151162790697676,3,4.627906976744186,33.01162790697674,37.25581395348837,15.883720930232558,9.55813953488372,8.651162790697674,20.593023255813954,107,99.95348837209302,8.325581395348838,14.511627906976743,46,43.51162790697674,44,41.66279069767442,24.8,85.2,24.6,30.7,5.9,36.7,41.5,17.3,11.4,11.0,20.9,111.7,8.6,14.4,0.8,17.8,84.8,22.2,25.5,4.3,32.3,36.4,17.3,8.8,8.7,21.5,98.9,8.6,14.2,47.7,41.0
UTAH_JAZZ,home,4_27,16,22.333333333333332,82.98850574712644,21.82758620689655,29.74712643678161,5,5.149425287356322,34.37931034482759,38.28735632183908,16.896551724137932,10.862068965517242,9.160919540229886,19.71264367816092,96,104.33333333333333,8.632183908045977,14.126436781609195,1,0.5862068965517241,OKLAHOMA_CITY_THUNDER,20,19.701149425287355,83.10344827586206,20.620689655172413,26.091954022988507,4,4.609195402298851,33.05747126436781,37.275862068965516,15.931034482758621,9.551724137931034,8.632183908045977,20.597701149425287,91,100.03448275862068,8.333333333333334,14.436781609195402,40,43.54022988505747,49,41.689655172413794,23.8,85.7,24.7,31.7,5.8,36.4,40.2,17.5,11.6,11.4,21.4,109.5,8.3,14.4,0.7,17.2,84.7,23.2,25.2,4.5,33.5,36.5,18.0,8.9,8.7,21.9,99.9,8.5,13.8,47.8,42.2
UTAH_JAZZ,away,4_29,20,22.261363636363637,82.97727272727273,21.84090909090909,29.704545454545453,3,5.1477272727272725,34.31818181818182,38.27272727272727,16.84090909090909,10.852272727272727,9.181818181818182,19.681818181818183,96,104.23863636363636,8.636363636363637,14.113636363636363,0,0.5909090909090909,HOUSTON_ROCKETS,18,19.704545454545453,83.2159090909091,20.53409090909091,26.181818181818183,5,4.6022727272727275,33.06818181818182,37.27272727272727,15.829545454545455,9.556818181818182,8.704545454545455,20.602272727272727,110,99.93181818181819,8.306818181818182,14.420454545454545,37,43.5,43,41.77272727272727,22.5,85.0,24.3,31.0,5.8,36.0,39.6,17.0,11.2,11.1,20.9,107.4,8.2,14.3,0.7,16.9,86.6,20.9,25.8,4.4,33.7,36.6,16.3,8.5,9.5,21.7,98.0,8.4,13.5,47.1,43.2
UTAH_JAZZ,away,5_2,26,22.235955056179776,82.89887640449439,21.84269662921348,29.617977528089888,5,5.123595505617978,34.28089887640449,38.26966292134831,16.797752808988765,10.808988764044944,9.146067415730338,19.685393258426966,116,104.14606741573034,8.662921348314606,14.157303370786517,1,0.5842696629213483,HOUSTON_ROCKETS,22,19.685393258426966,83.20224719101124,20.573033707865168,26.247191011235955,7,4.606741573033708,33.08988764044944,37.26966292134831,15.865168539325843,9.640449438202246,8.696629213483146,20.60674157303371,108,100.04494382022472,8.325842696629213,14.415730337078651,48,43.42696629213483,49,41.78651685393258,21.8,84.3,23.7,30.5,5.3,36.3,39.0,16.4,10.9,10.7,20.7,105.3,8.6,15.2,0.6,16.9,86.9,20.5,27.3,4.6,34.4,36.8,16.0,9.9,9.2,21.3,99.5,8.7,13.3,47.0,43.6
UTAH_JAZZ,home,5_4,17,22.27777777777778,82.9,21.877777777777776,29.644444444444446,4,5.122222222222222,34.37777777777778,38.32222222222222,16.77777777777778,10.855555555555556,9.1,19.733333333333334,92,104.27777777777777,8.61111111111111,14.188888888888888,0,0.5888888888888889,HOUSTON_ROCKETS,26,19.711111111111112,83.33333333333333,20.644444444444446,26.366666666666667,7,4.633333333333334,33.144444444444446,37.27777777777778,15.933333333333334,9.644444444444444,8.722222222222221,20.61111111111111,113,100.13333333333334,8.355555555555556,14.333333333333334,43,43.477777777777774,41,41.86666666666667,20.9,84.3,24.0,30.1,5.4,36.8,39.1,16.4,11.1,10.5,20.7,105.7,8.2,15.1,0.6,17.1,87.1,21.0,28.5,4.9,35.0,36.9,16.4,10.4,9.1,21.2,100.6,9.0,12.8,47.3,44.1
UTAH_JAZZ,home,5_6,16,22.21978021978022,82.91208791208791,21.802197802197803,29.63736263736264,5,5.1098901098901095,34.417582417582416,38.285714285714285,16.714285714285715,10.857142857142858,9.054945054945055,19.725274725274726,87,104.14285714285714,8.54945054945055,14.208791208791208,0,0.5824175824175825,HOUSTON_ROCKETS,15,19.78021978021978,83.36263736263736,20.63736263736264,26.47252747252747,9,4.65934065934066,33.1978021978022,37.32967032967033,15.956043956043956,9.659340659340659,8.659340659340659,20.593406593406595,100,100.27472527472527,8.351648351648352,14.263736263736265,45,43.472527472527474,49,41.857142857142854,20.1,83.7,24.2,29.5,5.2,36.4,37.8,16.5,10.9,9.8,20.6,103.0,7.5,15.2,0.5,18.3,87.1,21.4,30.2,5.3,35.8,38.1,16.8,11.0,8.5,21.3,104.0,9.1,12.1,46.2,44.3
UTAH_JAZZ,away,5_8,24,22.152173913043477,82.91304347826087,21.782608695652176,29.630434782608695,5,5.108695652173913,34.44565217391305,38.21739130434783,16.706521739130434,10.815217391304348,9.043478260869565,19.73913043478261,102,103.95652173913044,8.543478260869565,14.228260869565217,0,0.5760869565217391,HOUSTON_ROCKETS,21,19.72826086956522,83.41304347826087,20.597826086956523,26.597826086956523,8,4.706521739130435,33.27173913043478,37.32608695652174,15.956521739130435,9.66304347826087,8.66304347826087,20.597826086956523,112,100.27173913043478,8.380434782608695,14.25,41,43.48913043478261,40,41.93478260869565,19.9,83.1,23.8,30.1,5.0,36.2,37.7,16.2,10.8,9.2,20.8,102.4,7.8,15.4,0.5,17.9,87.0,21.5,31.6,5.3,35.9,37.7,17.3,11.1,8.7,21.2,103.8,9.3,12.4,45.4,44.6
,,,,22.172043010752688,82.89247311827957,21.774193548387096,29.612903225806452,,5.10752688172043,34.39784946236559,38.215053763440864,16.698924731182796,10.806451612903226,9.064516129032258,19.72043010752688,,103.93548387096774,8.505376344086022,14.204301075268818,,0.5698924731182796,,,19.741935483870968,83.40860215053763,20.559139784946236,26.731182795698924,,4.741935483870968,33.27956989247312,37.354838709677416,15.935483870967742,9.75268817204301,8.634408602150538,20.56989247311828,,100.39784946236558,8.397849462365592,14.193548387096774,,43.46236559139785,,41.913978494623656,20.5,82.5,23.9,30.1,4.8,35.9,37.4,16.3,10.7,9.4,20.5,101.8,7.3,15.2,0.5,18.4,86.8,20.9,32.6,5.6,35.6,37.6,16.7,11.5,8.4,21.1,103.4,9.5,11.6,45.3,44.0
